Anime,Genre_Tags,Source,Nb_Episodes,Status,Studio,Date_Pub,Note_Globale,Note_Meilleur_Ep,Meilleur_Ep_Titre,Comm_Meilleur_Ep,Note_Pire_Ep,Pire_Ep_Titre,Comm_Pire_Ep,Comm_Saison_1,Comm_Saison_2,Comm_Saison_3,Genre_Principal,Annee,Ecart_Qualite,Score_Editorial,Decision_Finale
Frieren: Beyond Journey's End,Adventure / Fantasy,Manga,28,En cours,Madhouse,2023-09-29,9.3,9.4,Ep 10: Frieren the Slayer,D√©monstration de puissance calme et terrifiante.,7.3,Ep 22: Future Enemies,"Rythme un peu plus lent, transition vers l'examen de mage.",Voyage m√©lancolique sur le temps qui passe et le deuil.,"Production Madhouse sublime, ambiance 'comfy' et contemplative.",Les relations subtiles (Frieren/Fern/Stark) sont le coeur du r√©cit.,Adventure,2023,2.1000000000000005,9.09,‚úÖ Valeur S√ªre
Steins;Gate,Sci-Fi / Thriller,Visual Novel,24,Fini,White Fox,2011-04-06,9.1,9.7,Ep 22: Being Meltdown,Le choix impossible entre Kurisu et Mayuri. Sommet √©motionnel.,7.8,Ep 1: Turning Point,"D√©but tr√®s lent et confus (voulu), filtre beaucoup de spectateurs.","Mise en place lente, tranche de vie et th√©ories temporelles.","Basculement dans le thriller, course contre la montre pour sauver Mayuri.",D√©nouement et atteinte de la ligne d'univers Steins Gate.,Sci-Fi,2011,1.8999999999999995,8.91,üíé P√âPITE (A acheter)
Fullmetal Alchemist: Brotherhood,Aventure / Military,Manga,64,Fini,Bones,2009-04-05,9.1,9.6,Ep 63: De l'autre c√¥t√© de la porte,"Sacrifice th√©matique parfait, conclusion magistrale.",6.3,Ep 27: Interm√®de (Recap),Episode r√©capitulatif cassant le rythme.,"D√©but effr√©n√©, traumatisme Nina Tucker marquant.",Complot politique et Mustang brille contre Lust.,"Ambiance militaire froide √† Briggs, tension monte.",Aventure,2009,3.3,8.77,‚úÖ Valeur S√ªre
Monster,Thriller / Mystery,Manga,74,Fini,Madhouse,2004-04-07,8.9,9.1,Ep 4: Night of Punishment,Tension insoutenable et √©criture magistrale.,7.4,Ep 8: The Fugitive,"Rythme plus lent, mise en place des pi√®ces.",Johan Liebert est le meilleur m√©chant de l'histoire.,Un thriller psychologique lent mais incroyablement r√©compensant.,"Pas de pouvoirs, juste la noirceur de l'√¢me humaine.",Thriller,2004,1.6999999999999993,8.73,üíé P√âPITE (A acheter)
Vinland Saga,Adventure / Drama,Manga,48,En cours,Wit Studio / MAPPA,2019-07-08,8.8,8.9,Ep 2x22: Emperor of Rebellion,'I have no enemies'. L'aboutissement du pacifisme de Thorfinn.,7.4,Ep 13: Child of a Hero,Transition un peu plus faible au milieu de la S1.,Changement radical de ton entre S1 (Guerre) et S2 (Fermier).,Une des meilleures √©volutions de personnage (Thorfinn).,,Adventure,2019,1.5,8.65,üíé P√âPITE (A acheter)
Les Carnets de l'apothicaire,Mystery / Historical,Light Novel,24,En cours,OLM,2023-10-22,8.8,9.5,Ep 19: Maomao,Sc√®ne de danse/sacrifice visuellement magnifique et tragique.,7.9,Ep 7: Retour √† la maison,"Rythme plus pos√©, enqu√™te mineure, mais reste tr√®s bon.","Enqu√™tes √† la cour imp√©riale, Maomao est une h√©ro√Øne cynique g√©niale.","Complots politiques s'√©paississent, pass√© de Maomao r√©v√©l√©.",(Saison 2 annonc√©e),Mystery,2023,1.5999999999999996,8.64,üíé P√âPITE (A acheter)
Hajime no Ippo,Sport / Boxing,Manga,76,Fini,Madhouse,2000-10-04,8.8,9.2,Ep 75: The First Step,Conclusion de la saison 1. Ippo devient champion.,7.5,Ep 30: Motivation,"Quelques longueurs, mais n√©cessaire pour le d√©veloppement.",Le meilleur anime de sport pour ressentir les impacts.,Takamura est hilarant et terrifiant √† la fois.,Dempsey Roll ! Les bruitages de jet engine sont iconiques.,Sport,2000,1.6999999999999993,8.63,üíé P√âPITE (A acheter)
Hunter x Hunter (2011),Adventure / Shonen,Manga,148,Fini,Madhouse,2011-10-02,9.0,9.7,Ep 131: Col√®re x et x Lumi√®re,La transformation de Gon. Animation et √©motion terrifiantes.,5.9,Ep 13: Lettre x de x Gon (Recap),"Episode r√©sum√© tr√®s t√¥t dans la s√©rie, inutile.",Examen Hunter : Aventure pure et d√©couverte des amis.,"Yorknew City : Ambiance noire, Kurapika vs la Brigade Fant√¥me.",Chimera Ant : L'arc le plus sombre et philosophique du Shonen.,Adventure,2011,3.799999999999999,8.620000000000001,‚úÖ Valeur S√ªre
Mushishi,Slice of Life / Supernatural,Manga,26,Fini,Artland,2005-10-23,8.7,9.4,Ep 12: One-Eyed Fish,Histoire po√©tique et m√©lancolique typique de la s√©rie.,8.0,Ep 5: The Traveling Swamp,"Pas de mauvais √©pisode, juste des histoires moins marquantes.","Voyage de Ginko, histoires √©pisodiques apaisantes.",Exploration de la nature invisible (Mushi) et de l'humain.,"Pas de fil rouge fort, mais une ambiance unique et constante.",Slice of Life,2005,1.4000000000000004,8.559999999999999,üíé P√âPITE (A acheter)
Cowboy Bebop,Sci-Fi / Noir,Original,26,Fini,Sunrise,1998-04-03,8.8,9.7,Ep 26: The Real Folk Blues Pt.2,Fin po√©tique et iconique. Bang.,7.2,Ep 23: Boogie Woogie Feng Shui,Intrigue faible et rythme un peu mou.,Formation de l'√©quipe et choc visuel √† l'√©glise.,Exploration m√©lancolique du pass√© (Jupiter Jazz).,Confrontation fatale avec le Syndicat et Vicious.,Sci-Fi,1998,2.499999999999999,8.55,‚úÖ Valeur S√ªre
Oshi no Ko,Drama / Mystery,Manga,11,En cours,Doga Kobo,2023-04-12,8.7,9.6,Ep 1: Mother and Children,"√âpisode pilote de 1h20. Un film √† part enti√®re, choc sc√©naristique.",8.0,Ep 4: Actors,Rythme un peu plus classique apr√®s le d√©marrage explosif.,Critique acerbe du show-biz japonais et des idoles.,M√©lange unique de vengeance sombre et de paillettes.,(Saison 2 annonc√©e),Drama,2023,1.5999999999999996,8.54,üíé P√âPITE (A acheter)
GTO,Comedy / Slice of Life,Manga,43,Fini,Studio Pierrot,1999-06-30,8.7,9.2,Ep 43: La derni√®re le√ßon,Conclusion √©mouvante de la carri√®re d'Onizuka.,7.4,Ep 34: Gangsters,Histoire un peu tir√©e par les cheveux avec des Yakuza.,"Onizuka devient prof, le√ßons de vie non conventionnelles.",Affrontement avec la sous-directrice et √©l√®ves difficiles.,Arc final et r√©demption des √©l√®ves les plus durs.,Comedy,1999,1.799999999999999,8.52,üíé P√âPITE (A acheter)
Berserk (1997),Dark Fantasy / Horror,Manga,25,Fini,OLM,1997-10-07,8.7,9.4,Ep 25: L'Heure √©ternelle,L'Eclipse. Le traumatisme fondateur de tous les fans de Berserk.,7.5,Ep 1: Le Chevalier Noir,Flash-forward qui spoile un peu et animation dat√©e.,L'√Çge d'Or : Une histoire d'amiti√© et d'ambition in√©gal√©e.,Guts et Griffith : la meilleure dualit√© de l'anime.,La fin brutale laisse sur sa faim (Lisez le manga !).,Dark Fantasy,1997,1.9000000000000004,8.51,üíé P√âPITE (A acheter)
Your Lie in April,Drama / Music,Manga,22,Fini,A-1 Pictures,2014-10-09,8.6,9.5,Ep 22: Spring Breeze,La lettre de Kaori. Pr√©parez les mouchoirs.,8.4,Ep 1: Monotone/Colorful,"D√©but un peu lent pour certains, mais visuellement beau.",Une oeuvre magnifique sur le traumatisme et la gu√©rison.,La musique classique est un personnage √† part enti√®re.,Kaori Miyazono : une flamme qui br√ªle vite et fort.,Drama,2014,1.0999999999999996,8.49,‚úÖ Valeur S√ªre
Haikyuu!!,Sport / Volley,Manga,85,Fini,Production I.G,2014-04-06,8.7,9.9,Ep 10 (S3): La bataille de concepts,Match Karasuno vs Shiratorizawa. Tension irrespirable.,7.5,Ep 15 (S4): Found,"Animation parfois instable dans la S4, mais reste correct.","Formation de l'√©quipe, duo Hinata/Kageyama explosif.",D√©veloppement des rivaux et tournois qualificatifs.,Saison 3 enti√®re d√©di√©e √† un seul match l√©gendaire.,Sport,2014,2.4000000000000004,8.459999999999999,‚úÖ Valeur S√ªre
Code Geass,Sci-Fi / Mecha,Original,50,Fini,Sunrise,2006-10-06,8.7,9.8,Ep 50: Re;,Le 'Zero Requiem'. Consid√©r√© comme la meilleure fin d'anim√© jamais √©crite.,7.1,Ep 6: Le masque vol√©,"Episode 'humour' au lyc√©e avec un chat, d√©tonne avec le s√©rieux.",La r√©bellion de Lelouch et la strat√©gie militaire avec le Geass.,"La chute et l'exil, perte de m√©moire et reconstruction.",La conqu√™te mondiale et le sacrifice final pour la paix.,Sci-Fi,2006,2.700000000000001,8.43,‚úÖ Valeur S√ªre
Made in Abyss,Adventure / Mystery,Manga,25,En cours,Kinema Citrus,2017-07-07,8.6,9.6,Ep 13: The Challengers,Un √©pisode final d'une beaut√© et d'une cruaut√© absolues.,7.5,Ep 6: Incinerator,"Episode d'entra√Ænement, n√©cessaire mais moins captivant.",Contraste brutal entre le design 'Chibi' et l'horreur du sc√©nario.,Un voyage sans retour vers les profondeurs traumatisantes.,,Adventure,2017,2.0999999999999996,8.39,‚úÖ Valeur S√ªre
Death Note,Thriller / Supernatural,Manga,37,Fini,Madhouse,2006-10-04,8.6,9.5,Ep 25: Silence,La mort de L. Un tournant sc√©naristique choquant et brillant.,7.2,Ep 26: R√©g√©n√©ration,"Transition brutale apr√®s le climax, introduction de Near/Mello.","Le duel intellectuel Kira vs L, tension psychologique maximale.",L'arriv√©e de Misa et la complexification des r√®gles du cahier.,La seconde partie avec Near et Mello (souvent jug√©e inf√©rieure).,Thriller,2006,2.3,8.37,‚úÖ Valeur S√ªre
Jujutsu Kaisen,Action / Supernatural,Manga,47,En cours,MAPPA,2020-10-03,8.6,9.8,Ep 41 (S2): Thunderclap,Sukuna d√©truit Shibuya. Animation apocalyptique.,7.5,Ep 22: The Origin of Blind Obedience,Un peu de remplissage avant le final de la S1.,"Introduction de Yuji et des fl√©aux, √©cole d'exorcisme.",Tournoi inter-lyc√©es et mont√©e en puissance.,"Arc de Shibuya (S2) : Trag√©die, combats et pertes majeures.",Action,2020,2.3000000000000007,8.37,‚úÖ Valeur S√ªre
Dragon Ball Z,Action / Shonen,Manga,291,Fini,Toei Animation,1989-04-26,8.7,9.4,Ep 237: Le sacrifice d'un p√®re,"R√©demption ultime de Vegeta, sommet √©motionnel.",5.9,Ep 39: Amis ou ennemis (Fake Namek),"Filler ennuyeux sur une fausse plan√®te, inutile.",Introduction des Saiyans et codes du Shonen pos√©s.,Aventure spatiale et tension tactique sur Namek.,"Transformation Super Saiyan iconique, combat √©pique.",Action,1989,3.5,8.35,‚úÖ Valeur S√ªre
Samurai Champloo,Adventure / Chanbara,Original,26,Fini,Manglobe,2004-05-20,8.5,9.2,Ep 26: Evanescent Encounter,Fin styl√©e et m√©lancolique. Le voyage valait le coup.,7.4,Ep 22: Cosmic Collisions,Episode 'Zombies' √©trange qui divise les fans (aim√© ou d√©test√©).,"M√©lange Hip-hop et Samoura√Øs, voyage √©pisodique cool.",Exploration du pass√© sombre des protagonistes.,Conclusion du voyage vers le 'Samoura√Ø qui sent le tournesol'.,Adventure,2004,1.799999999999999,8.32,‚úÖ Valeur S√ªre
Y≈´ Y≈´ Hakusho,Action / Supernatural,Manga,112,Fini,Studio Pierrot,1992-10-10,8.5,9.1,Ep 58: Grim Determination,Hiei utilise le Dragon of the Darkness Flame. Culte.,7.3,Ep 112: Forever!,Fin un peu abrupte mais nostalgique.,Tournoi des T√©n√®bres : Le standard or des tournois en anime.,Les 4 protagonistes ont une alchimie parfaite.,Yusuke Urameshi est un d√©linquant au grand coeur.,Action,1992,1.7999999999999998,8.32,‚úÖ Valeur S√ªre
Mob Psycho 100,Action / Supernatural,Manga,37,Fini,Bones,2016-07-11,8.5,9.5,Ep 2x07: Cornered,L'√©volution de Reigen et le climax √©motionnel de la S2.,7.5,Ep 1: Self Proclaimed Psychic,Style visuel unique qui peut d√©router au premier √©pisode.,Animation 'Sakuga' √©poustouflante de Bones.,Reigen Arataka est l'un des meilleurs mentors de l'anime.,,Action,2016,2.0,8.3,‚úÖ Valeur S√ªre
Chainsaw Man,Action / Horror,Manga,12,En cours,MAPPA,2022-10-12,8.4,8.7,Ep 8: GUNFIRE,Le tournant brutal de la s√©rie. Mise en sc√®ne cin√©matographique.,7.7,Ep 2: ARRIVAL IN TOKYO,"Introduction des personnages, rythme un peu plus pos√©.","Une direction artistique 'cin√©ma' unique, loin des standards anime.",Denji : un h√©ros aux motivations simples mais r√©alistes.,,Action,2022,0.9999999999999991,8.3,‚úÖ Valeur S√ªre
Tengen Toppa Gurren Lagann,Mecha / Action,Original,27,Fini,Gainax,2007-04-01,8.6,9.5,Ep 27: Toutes les lumi√®res du ciel,Combat final √† l'√©chelle galactique. Hype pure.,6.5,Ep 4: Visages multiples,Animation d√©sastreuse due √† un directeur invit√© (√©pisode c√©l√®bre pour √ßa).,"Mont√©e en puissance exponentielle, l'esprit du Shonen incarn√©.",Ellipse temporelle et enjeux politiques plus matures.,Bataille spatiale finale d√©fiant la logique.,Mecha,2007,3.0,8.299999999999999,‚úÖ Valeur S√ªre
Du mouvement de la Terre,Historical / Drama,Manga,8,Fini,Madhouse,2024-10-05,8.4,8.9,Ep 8: La v√©rit√©,Conclusion philosophique puissante sur la science et la foi.,7.8,Ep 2: L'h√©r√©tique,Mise en place un peu dense des concepts astronomiques.,Lutte intellectuelle et tortures pour prouver l'h√©liocentrisme.,(S√©rie courte en 1 saison unique),(Non diffus√©),Historical,2024,1.1000000000000005,8.290000000000001,‚úÖ Valeur S√ªre
One Piece,Adventure / Shonen,Manga,1090,En cours,Toei Animation,1999-10-20,8.7,9.8,Ep 1015: Chapeau de Paille Luffy,"R√©alisation cin√©ma √©poustouflante, sommet de Wano.",5.6,Ep 336: Chopperman (Filler),Episode hors-s√©rie enfantin totalement dispensable.,"Saga East Blue : La formation de l'√©quipage, nostalgie pure.",Saga Alabasta : Premier grand d√©fi g√©opolitique contre un Corsaire.,Saga Skypiea/Water 7 : Aventure c√©leste puis drame interne majeur.,Adventure,1999,4.200000000000001,8.28,‚úÖ Valeur S√ªre
SPY√óFAMILY,Comedy / Slice of Life,Manga,37,En cours,Wit / CloverWorks,2022-04-09,8.4,9.1,Ep 2: Secure a Wife,L'introduction de Yor. M√©lange parfait d'action et com√©die.,7.8,Ep 17: Carry Out the Griffon Plan,"Episode plus l√©ger 'Slice of Life', moins d'enjeux.",La dynamique familiale Forger est le coeur de la s√©rie.,Anya est une ic√¥ne de la culture anime moderne.,,Comedy,2022,1.2999999999999998,8.27,‚úÖ Valeur S√ªre
Demon Slayer: Kimetsu no Yaiba,Action / Supernatural,Manga,55,En cours,Ufotable,2019-04-06,8.5,9.9,Ep 2x17: I Will Never Give Up,Combat d'une intensit√© visuelle in√©gal√©e (Tengen vs Gyutaro).,7.3,Ep 11: Tsuzumi Mansion,Arc un peu plus lent avant le Mont Natagumo.,Animation r√©volutionnaire qui a r√©defini les standards TV.,Ph√©nom√®ne culturel mondial (Mugen Train et records au box-office).,Personnages attachants (Tanjiro) et bestiaire marquant.,Action,2019,2.6000000000000005,8.24,‚úÖ Valeur S√ªre
Neon Genesis Evangelion,Mecha / Psychologique,Original,26,Fini,Gainax,1995-10-04,8.5,9.6,Ep 24: Le dernier messager,La trahison et la mort de Kaworu. Un sommet tragique.,7.0,Ep 26: La b√™te qui criait 'Moi',Fin abstraite et psych√©d√©lique qui a frustr√© une g√©n√©ration.,"R√©volution du genre Mecha, commence comme un Shonen classique.",Descente aux enfers psychologique des pilotes.,(Films 'End of Eva' n√©cessaires pour la vraie fin),Mecha,1995,2.5999999999999996,8.24,‚úÖ Valeur S√ªre
One Punch Man,Action / Comedy,Web Manga,24,En cours,Madhouse,2015-10-05,8.5,9.6,Ep 12: Le plus fort des h√©ros,Saitama vs Boros. L'apog√©e de l'animation japonaise moderne.,6.8,Ep 14 (S2): Le monstre humain,"Changement de studio (JC Staff), baisse visuelle critiqu√©e.","Saison 1 l√©gendaire par Madhouse, satire parfaite des h√©ros.","Saison 2 introduit Garou, histoire plus dense mais anim moins bonne.",(Non diffus√© - En production),Action,2015,2.8,8.22,‚úÖ Valeur S√ªre
Dan Da Dan,Action / Supernatural,Manga,12,En cours,Science SARU,2024-10-04,8.4,9.7,Ep 7: Acrobatic Silky,Une histoire tragique et √©mouvante derri√®re le monstre.,7.9,Ep 12: Let's Go to the Cursed House,Fin de saison un peu abrupte pour certains.,Animation d√©jant√©e et cr√©ative typique de Science SARU.,"M√©lange unique d'occulte, d'aliens et de romance adolescente.",,Action,2024,1.799999999999999,8.22,‚úÖ Valeur S√ªre
Demon Slayer,Action / Historical,Manga,55,En cours,Ufotable,2019-04-06,8.5,9.9,Ep 19: Le Dieu du feu,Hinokami Kagura. L'√©pisode qui a cass√© Internet.,7.1,Ep 14: La maison aux blasons,"Zenitsu et Inosuke sont bruyants, humour qui divise.",Formation de Tanjiro et s√©lection finale.,Rencontre avec Zenitsu/Inosuke et Montagne Natagumo.,Arc du Quartier des Plaisirs (S2) : Combat titanesque contre Daki/Gyutaro.,Action,2019,2.8000000000000007,8.22,‚úÖ Valeur S√ªre
Violet Evergarden,Drama / Slice of Life,Light Novel,13,Fini,Kyoto Animation,2018-01-11,8.4,9.7,Ep 10: Un √™tre cher veillera,L'√©pisode des lettres pour l'anniversaire. Impossible de ne pas pleurer.,7.6,Ep 1: Poup√©es de souvenirs automatiques,"Introduction lente, mais visuellement √©poustouflante.",Qu√™te d'√©motion d'une enfant-soldat. Animation 'God-tier'.,Chaque √©pisode est une histoire humaine poignante.,(Films conclusifs sortis apr√®s la s√©rie),Drama,2018,2.0999999999999996,8.190000000000001,‚úÖ Valeur S√ªre
L'Attaque des Titans,Action / Mystery,Manga,89,Fini,Wit Studio / MAPPA,2013-04-07,8.5,9.9,Ep 54: H√©ros (Hero),Note quasi parfaite. Le sacrifice d'Armin et le discours d'Erwin.,6.8,Ep 14: On ne peut rien y faire (Recap),"Un r√©sum√© avant le tribunal, casse le rythme de la S1.",La chute du mur et la peur primale des Titans.,Le complot politique et la r√©v√©lation du Titan Cuirass√©.,Le retour √† Shiganshina et la d√©couverte de la cave (V√©rit√©).,Action,2013,3.1000000000000005,8.19,‚úÖ Valeur S√ªre
L'Attaque des Titans,Action / Mystery,Manga,89,Fini,Wit Studio / MAPPA,2013-04-07,8.5,9.9,Ep 54: H√©ros (Hero),Note quasi parfaite. Le sacrifice d'Armin et le discours d'Erwin.,6.8,Ep 14: On ne peut rien y faire (Recap),"Un r√©sum√© avant le tribunal, casse le rythme de la S1.",La chute du mur et la peur primale des Titans.,Le complot politique et la r√©v√©lation du Titan Cuirass√©.,Le retour √† Shiganshina et la d√©couverte de la cave (V√©rit√©).,Action,2013,3.1000000000000005,8.19,‚úÖ Valeur S√ªre
One Outs,Sport / Psychological,Manga,25,Fini,Madhouse,2008-10-08,8.3,8.5,Ep 7: Trick & Trap,L'art de la manipulation psychologique √† son paroxysme.,7.2,Ep 16: Trick Stadium,"Un peu en dessous, mais reste tr√®s solide.",Tokuchi Toua est un g√©nie du mal fascinant.,"Duel psychologique intense, pas juste du baseball.","Pas de vraie fin (lire le manga), mais le voyage est incroyable.",Sport,2008,1.2999999999999998,8.17,‚úÖ Valeur S√ªre
Cyberpunk: Edgerunners,Sci-Fi / Action,Game,10,Fini,Trigger,2022-09-13,8.3,9.2,Ep 10: My Moon My Man,Conclusion d√©vastatrice. 'I really want to stay at your house'.,7.8,Ep 5: All Eyez On Me,Transition un peu rapide dans la folie de David.,"Esth√©tique n√©on incroyable, Studio Trigger au sommet.","Violence et nudit√© d√©complex√©es, fid√®le au jeu.",(Mini-s√©rie unique),Sci-Fi,2022,1.3999999999999995,8.16,‚úÖ Valeur S√ªre
Parasite: La Maxime,Sci-Fi / Horror,Manga,24,Fini,Madhouse,2014-10-09,8.3,9.3,Ep 12: Coeur,"Migi d√©fend Shinichi, mort de Kana. Bascule psychologique.",7.6,Ep 1: M√©tamorphose,"Introduction un peu √©trange, le design 'ann√©es 80' modernis√© surprend.","Invasion silencieuse, Shinichi apprend √† vivre avec Migi.",Conflit avec les parasites organis√©s et Reiko Tamura.,Bataille finale et r√©flexions √©cologiques sur l'humanit√©.,Sci-Fi,2014,1.700000000000001,8.13,‚úÖ Valeur S√ªre
Dr. Stone,Sci-Fi / Adventure,Manga,57,En cours,TMS Entertainment,2019-07-05,8.3,9.1,Ep 24: Les voix vers l'infini,"Conclusion S1 √©mouvante, lien pass√©-futur sublime.",7.1,Ep 14: Master of Flame,"Rythme un peu plus lent, pr√©paration de tournoi.","Le r√©veil dans un monde de pierre, la science contre la force.",Stone Wars : Conflit id√©ologique et batailles tactiques.,New World : Exploration maritime et d√©couverte du 'Pourquoi'. ,Sci-Fi,2019,2.0,8.100000000000001,‚úÖ Valeur S√ªre
The Promised Neverland,Mystery / Horror,Manga,23,Fini,CloverWorks,2019-01-11,8.5,9.8,Ep 12: 150146,L'√©vasion. Une conclusion parfaite pour la Saison 1.,5.3,Ep 2x11: The Final,"Saison 2 catastrophique (diaporama final), insulte au manga.",Saison 1 : Un chef d'oeuvre de tension et de strat√©gie.,"Saison 2 : Rush narratif incompr√©hensible, arc Goldy Pond saut√©.",,Mystery,2019,4.500000000000001,8.05,‚úÖ Valeur S√ªre
Erased,Mystery / Supernatural,Manga,12,Fini,A-1 Pictures,2016-01-08,8.3,9.4,Ep 8: Spiral,"Le suspense est √† son comble, Satoru proche de la v√©rit√©.",6.8,Ep 12: Treasure,"Fin pr√©cipit√©e et diff√©rente du manga, d√©cevante pour beaucoup.",Enqu√™te dans le pass√© pour sauver Kayo Hinazuki.,"Le tueur se rapproche, tension insoutenable.",Confrontation finale dans le pr√©sent (rythme acc√©l√©r√©).,Mystery,2016,2.6000000000000005,8.040000000000001,‚úÖ Valeur S√ªre
The Eminence in Shadow,Action / Isekai,Light Novel,32,En cours,Nexus,2022-10-05,8.2,9.0,Ep 20: Advent of the Demon,I AM ATOMIC. Le summum du 'Chunibyo' styl√©.,7.4,Ep 10: The Sacred Land,Un peu d'exposition n√©cessaire mais moins d'action.,Parodie brillante des tropes Isekai 'Edgy'.,Cid Kagenou est un protagoniste hilarant dans son incompr√©hension.,M√©lange parfait d'humour absurde et d'action s√©rieuse.,Action,2022,1.5999999999999996,8.04,‚úÖ Valeur S√ªre
Psycho-Pass,Sci-Fi / Police,Original,41,Fini,Production I.G,2012-10-12,8.3,9.2,Ep 11: Saint's Supper,R√©v√©lation sur le syst√®me Sybil et cruaut√© de Makishima.,6.5,Ep 18 (S2): Titre S2,La saison 2 est globalement mal aim√©e (changement de sc√©nariste).,D√©couverte du Dominator et traque de Makishima (Chef d'oeuvre).,"Saison 2 : Akane est cheffe, mais sc√©nario moins fin.","Saison 3 : Nouveaux inspecteurs, intrigue plus politique.",Sci-Fi,2012,2.6999999999999993,8.030000000000001,‚úÖ Valeur S√ªre
Kenshin le Vagabond,Action / Historical,Manga,95,Fini,Studio Gallop / Deen,1996-01-10,8.3,9.0,Ep 30: Revenge,Le combat contre Saito √† Kyoto. Sommet de la s√©rie.,6.2,Ep 80: Feng Shui Arc,"Filler de la saison 3, animation et sc√©nario m√©diocres.",Arc Kyoto (S2) : Le Shonen √† son apog√©e (Shishio Makoto).,"Saison 3 (Fillers) √† √©viter, la qualit√© chute drastiquement.",Kenshin Himura : le vagabond pacifiste au pass√© sanglant.,Action,1996,2.8,8.020000000000001,‚úÖ Valeur S√ªre
Naruto,Action / Shonen,Manga,220,Fini,Studio Pierrot,2002-10-03,8.4,9.6,Ep 133: Le cri des larmes,Animation fluide et combat visc√©ral incroyable.,5.8,Ep 26: Journal de Konoha (Recap),"Remplissage inutile, √† sauter.","Arc Zabuza tr√®s √©mouvant, bases solides.",Examen Chuunin introduit une tension sombre.,Combat Lee vs Gaara l√©gendaire.,Action,2002,3.8,8.02,‚úÖ Valeur S√ªre
Great Pretender,Adventure / Comedy,Original,23,Fini,Wit Studio,2020-06-02,8.2,9.1,Ep 5: Los Angeles Connection,Le twist final du premier arc est magistral.,7.0,Ep 23: Wizard of Far East,Fin de la S1 un peu trop rocambolesque pour certains.,"Ambiance jazzy, direction artistique color√©e et internationale.","Arnaqueurs de haut vol, sc√©nario √† tiroirs tr√®s plaisant.",Les diff√©rents 'Cases' (arcs) explorent le pass√© des membres.,Adventure,2020,2.0999999999999996,7.989999999999999,‚úÖ Valeur S√ªre
Re:Zero,Isekai / Psychologique,Light Novel,50,Fini,White Fox,2016-04-04,8.2,9.8,Ep 15: L'ext√©rieur de la folie,"Chef d'oeuvre d'horreur et de d√©sespoir, fin l√©gendaire.",7.6,Ep 13: Le chevalier autoproclam√©,"Episode g√™nant (cringe) voulu par le sc√©nario, dur √† voir.",Boucle temporelle et basculement vers le thriller psycho.,Arc Sanctuaire dense en dialogues et pass√© des sorci√®res.,"R√©solution intelligente, Subaru grandit et utilise son pouvoir.",Isekai,2016,2.200000000000001,7.9799999999999995,‚úÖ Valeur S√ªre
Solo Leveling,Action / Fantasy,Manhwa,12,En cours,A-1 Pictures,2024-01-07,8.3,9.5,Ep 12: Arise (L√®ve-toi),Le moment que tous les fans attendaient. Frissons garantis.,6.2,Ep 7.5: Recap,Episode r√©capitulatif de mi-saison inutile sur 12 √©pisodes.,Jinwoo passe de faible √† 'Monarque'. Progression addictive.,(Saison 2 annonc√©e),(Non diffus√©),Action,2024,3.3,7.970000000000001,‚úÖ Valeur S√ªre
No Game No Life,Isekai / Fantasy,Light Novel,12,En pause,Madhouse,2014-04-09,8.1,8.8,Ep 6: Interesting,Le jeu de mots (Shiritori) mat√©rialis√© contre Jibril. G√©nie.,7.3,Ep 1: Beginner,Beaucoup d'exposition et fan-service un peu lourd.,"Monde color√© satur√© unique, concept de jeux intellectuels.",Duo Sora/Shiro imbattable mais socialement inadapt√©.,"(Saison 2 r√©clam√©e par les fans depuis 10 ans, toujours rien)",Isekai,2014,1.5000000000000009,7.949999999999999,‚úÖ Valeur S√ªre
Trigun,Sci-Fi / Action,Manga,26,Fini,Madhouse,1998-04-01,8.2,9.1,Ep 24: Le p√©ch√© (Sin),"Conclusion tragique de l'arc Wolfwood, √©motion pure.",6.5,Ep 13: Vash the Stampede (Recap),R√©sum√© de mi-saison qui casse le rythme.,"D√©but western comique, Vash joue l'idiot.",Virage dramatique sombre avec les Gung-Ho Guns.,R√©v√©lations philosophiques sur le pass√© et Knives.,Sci-Fi,1998,2.5999999999999996,7.9399999999999995,‚úÖ Valeur S√ªre
Kuroko's Basket,Sport / Basketball,Manga,75,Fini,Production I.G,2012-04-07,8.1,9.0,Ep 24: Don't Get the Wrong Idea,Kise vs Aomine. Le duel de la G√©n√©ration des Miracles.,7.3,Ep 5: Your Basketball,"Mise en place de l'√©quipe, rythme plus lent.",Basket avec des super-pouvoirs assum√©s ('The Zone').,Animation fluide et intensit√© des matchs incomparable.,,Sport,2012,1.7000000000000002,7.93,‚úÖ Valeur S√ªre
Blue Lock,Sport / Thriller,Manga,36,En cours,8bit,2022-10-09,8.2,9.3,Ep 11: La derni√®re pi√®ce,"Le puzzle s'assemble, le but d'Isagi est jouissif.",6.0,Ep 22: Voice (S2),"Qualit√© d'animation en baisse critique, beaucoup de plans fixes.","Concept Battle Royale de foot, √©go√Øsme pur mis en avant.","S√©lection U-20, enjeux d'√©quipe vs individualit√©.",(Non diffus√©),Sport,2022,3.3000000000000007,7.869999999999999,‚úÖ Valeur S√ªre
Zetsuen No Tempest,Mystery / Fantasy,Manga,24,Fini,Bones,2012-10-05,7.9,8.5,Ep 1: The Mage in the Barrel,Une introduction myst√©rieuse et accrocheuse.,7.4,Ep 13: Tone Shift,Transition de milieu de saison qui divise les fans.,Dialogue shakespearien et citations de Hamlet/The Tempest.,Yoshino et Mahiro : un duo de protagonistes complexe.,La deuxi√®me partie est plus lente et diff√©rente de la premi√®re.,Mystery,2012,1.0999999999999996,7.79,‚úÖ Valeur S√ªre
Assassination Classroom,Comedy / Action,Manga,47,Fini,Lerche,2015-01-09,8.0,9.4,Ep 24 (S2): Le temps des dipl√¥mes,L'appel final. Une des fins les plus tristes de l'animation.,7.2,Ep 1 (S1): L'heure de la mort,Concept bizarre difficile √† accepter au d√©but.,Koro-sensei est le meilleur prof de l'histoire. Humour omnipr√©sent.,D√©veloppement des √©l√®ves et le pass√© du prof r√©v√©l√©.,Conclusion parfaite qui boucle toutes les intrigues.,Comedy,2015,2.2,7.78,‚úÖ Valeur S√ªre
JoJo's Bizarre Adventure,Action / Supernatural,Manga,26,Fini,David Production,2012-10-06,8.0,9.1,Ep 20: Caesar's Youth,Le combat et le sacrifice de Caesar. 'SHIZAAAA!',6.9,Ep 10: New York's JoJo,"D√©but de la partie 2, transition de style surprenante.","Partie 1 (Phantom Blood) : Jonathan vs Dio, gothique et classique.","Partie 2 (Battle Tendency) : Joseph Joestar, tactique et humour.",Introduction des 'Stands' (Partie 3 - Stardust Crusaders).,Action,2012,2.1999999999999993,7.78,‚úÖ Valeur S√ªre
Naruto Shippuden,Action / Shonen,Manga,500,Fini,Studio Pierrot,2007-02-15,8.2,9.7,Ep 476: Le dernier combat,Naruto vs Sasuke final. Animation d'art et essai sublime.,4.3,Ep 449: Shinobi Unite (Filler),Remplissage de mauvaise qualit√© au milieu de la guerre.,Le sauvetage de Gaara et les retrouvailles froides avec Sasuke.,L'arc Hidan/Kakuzu et la vengeance de Shikamaru.,L'invasion de Pain et le mode Ermite de Naruto.,Action,2007,5.3999999999999995,7.659999999999999,‚úÖ Valeur S√ªre
Tokyo Revengers,Action / Time Travel,Manga,50,En cours,Liden Films,2021-04-11,7.9,8.7,Ep 21: One and Only,Le sacrifice de Baji. Sommet √©motionnel de l'arc Valhalla.,6.0,Ep 35 (S2): Dawning of a New Era,"Beaucoup de dialogues statiques, animation tr√®s limit√©e.","Concept de voyage temporel pour sauver une ex, accrocheur.","Le h√©ros (Takemichi) pleure trop, ce qui √©nerve certains.",Baisse de qualit√© visuelle et sc√©naristique progressive.,Action,2021,2.6999999999999993,7.630000000000001,‚úÖ Valeur S√ªre
Claymore,Action / Dark Fantasy,Manga,26,Fini,Madhouse,2007-04-03,7.7,8.4,Ep 8: Awakening,Le moment pivot. L'√©veil de la conscience de Clare.,7.6,Ep 26: For Whose Sake,Fin originale de l'anime qui diverge du manga (tr√®s critiqu√©e).,"Ambiance Dark Fantasy lourde et mature, combats sanglants.",Teresa of the Faint Smile : un des meilleurs personnages f√©minins.,L'anime ne couvre qu'une partie de l'histoire (Lire le manga !).,Action,2007,0.8000000000000007,7.62,‚úÖ Valeur S√ªre
Claymore,Action / Dark Fantasy,Manga,26,Fini,Madhouse,2007-04-03,7.7,8.4,Ep 8: Awakening,Le moment pivot. L'√©veil de la conscience de Clare.,7.6,Ep 26: For Whose Sake,Fin originale de l'anime qui diverge du manga (tr√®s critiqu√©e).,"Ambiance Dark Fantasy lourde et mature, combats sanglants.",Teresa of the Faint Smile : un des meilleurs personnages f√©minins.,L'anime ne couvre qu'une partie de l'histoire (Lire le manga !).,Action,2007,0.8000000000000007,7.62,‚úÖ Valeur S√ªre
Hell's Paradise,Action / Dark Fantasy,Manga,13,En cours,MAPPA,2023-04-01,7.7,8.3,Ep 13: Dreams and Reality,"Fin de saison satisfaisante, r√©v√©lations et promesse de chaos.",7.1,Ep 11: Weak and Strong,"Rythme cass√© par des flashbacks, action en retrait.",M√©lange unique de beaut√© florale et d'horreur pure.,Gabimaru : un protagoniste tueur mais profond√©ment humain.,Univers myst√©rieux et syst√®me de pouvoir (Tao) intrigant.,Action,2023,1.200000000000001,7.58,‚úÖ Valeur S√ªre
Mashle: Magic and Muscles,Comedy / Action,Manga,24,En cours,A-1 Pictures,2023-04-08,7.6,8.4,Ep 17: Finn Ames and the Friend,Moment de bravoure inattendu pour Finn.,7.5,Ep 5: The Unpopular Classmate,Humour r√©p√©titif qui peut lasser certains spectateurs.,Parodie assum√©e de Harry Potter avec un One Punch Man.,Les Opening sont des ph√©nom√®nes viraux (Bling-Bang-Bang-Born).,,Comedy,2023,0.9000000000000004,7.51,‚úÖ Valeur S√ªre
My Hero Academia,Action / Super Power,Manga,138,En cours,Bones,2016-04-03,7.9,9.6,Ep 49: One For All,All Might vs All For One. 'United States of Smash'.,5.5,Ep 64: Le scoop de la 1-A (Filler),Episode r√©sum√© inutile pour lancer la saison 4.,"Entr√©e √† Yuei, Deku re√ßoit le pouvoir. Ambiance scolaire.","Tournoi sportif et stage, d√©veloppement de Shoto Todoroki.","Camp d'√©t√© et enl√®vement de Bakugo, ton plus sombre.",Action,2016,4.1,7.49,‚ö†Ô∏è Risqu√© (Irr√©gulier)
My Hero Academia: Vigilantes,Action / Super Power,Manga,13,En cours,Bones,2025-04-07,7.6,8.6,Ep 12: Papa ni Sayonara,Moment √©motionnel culminant de l'arc Sky Egg.,7.3,Ep 8: Major,Episode de mi-saison un peu plus faible en tension.,Un spin-off plus sombre et grounded que la s√©rie principale.,Exploration des bas-fonds et du pass√© d'Aizawa tr√®s appr√©ci√©e.,Koichi est un protagoniste 'outsider' tr√®s attachant.,Action,2025,1.2999999999999998,7.47,‚ùå Fond de catalogue
Bleach,Action / Supernatural,Manga,366,Fini,Studio Pierrot,2004-10-05,7.9,9.7,Ep 366 (TYBW Ep 6): The Fire,Yamamoto en action (Arc Guerre Sanglante). Visuellement fou.,4.8,Ep 70: Bount Arc (Filler),"D√©but de l'arc filler des Bounts, universellement d√©test√©.",Arc Soul Society : Sauvetage de Rukia (Un classique).,Arc Arrancar : Introduction des Espada et du Hueco Mundo.,Arc Guerre Sanglante (2022) : Retour violent et magnifique.,Action,2004,4.8999999999999995,7.41,‚ö†Ô∏è Risqu√© (Irr√©gulier)
Black Clover,Action / Fantasy,Manga,170,En pause,Studio Pierrot,2017-10-03,8.1,9.7,Ep 167: Black Oath,Le combat contre Dante. Animation Pierrot √† son apog√©e.,2.7,Ep 82: Clover Clips Special,Episode r√©sum√© (Recap) unanimement d√©test√©. (Autre point faible cit√© : Ep 29: Path).,D√©buts difficiles avec une animation parfois instable.,Un Shonen classique qui devient incroyablement solide avec le temps.,"Asta crie beaucoup au d√©but, mais son √©volution est satisfaisante.",Action,2017,6.999999999999999,7.3999999999999995,‚ö†Ô∏è Risqu√© (Irr√©gulier)
Fairy Tail,Adventure / Magic,Manga,328,En cours,A-1 Pictures,2009-10-12,7.6,9.7,Ep 175: Natsu vs. Twin Dragons,Sommet du tournoi et de la 'Hype' Fairy Tail.,7.3,Ep 69: Call of the Dragon,Arc Daphne (Filler) souvent cit√© comme le point faible.,Le pouvoir de l'amiti√© (Nakama Power) pouss√© √† l'extr√™me.,Bande son celtique rock l√©gendaire de Yasuharu Takanashi.,,Adventure,2009,2.3999999999999995,7.359999999999999,‚ùå Fond de catalogue
Akame ga Kill!,Action / Dark Fantasy,Manga,24,Fini,White Fox,2014-07-07,7.5,8.8,Ep 21: Kill the Despair,Combat final d'Esdeath. Visuellement fort.,6.5,Ep 24: Akame ga Kill!,Fin originale de l'anime diff√©rente du manga (tr√®s controvers√©e).,Le 'Game of Thrones' de l'anime : personne n'est √† l'abri.,Tatsumi d√©couvre la corruption de l'Empire.,Action brutale mais ton parfois in√©gal entre humour et gore.,Action,2014,2.3000000000000007,7.27,‚ùå Fond de catalogue
Medalist,Sport / Figure Skating,Manga,3,En cours,ENGI,2025-01-05,8.0,8.2,Ep 1: Coach et √âl√®ve,"D√©but prometteur, la passion du patinage est bien l√†.",0.0,(Trop r√©cent),Pas assez de donn√©es pour le pire √©pisode.,Rencontre entre un coach rat√© et une prodige passionn√©e.,(Non diffus√©),(Non diffus√©),Sport,2025,8.2,7.18,‚ö†Ô∏è Risqu√© (Irr√©gulier)
Tokyo Ghoul,Horror / Action,Manga,48,Fini,Studio Pierrot,2014-07-04,7.5,9.6,Ep 12: Ghoul,Torture de Kaneki et cheveux blancs. 'Unravel' en fond.,5.2,Ep 24: Root A Finale,Fin de la S2 (Root A) incompr√©hensible et hors-sujet vs Manga.,"D√©couverte du monde des goules, horreur et faim.",Saison Root A : Sc√©nario original qui s'√©loigne du manga (d√©cevant).,"Tokyo Ghoul:re : Ellipse temporelle, trop de personnages, confus.",Horror,2014,4.3999999999999995,7.0600000000000005,‚ö†Ô∏è Risqu√© (Irr√©gulier)
Seven Deadly Sins,Action / Fantasy,Manga,100,Fini,A-1 Pictures / Deen,2014-10-05,7.5,9.3,Ep 19 (S1): Le roi des f√©es,"Histoire de King et Diane, √©motion et action parfaites.",4.1,Ep 12 (S3): L'amour est aveugle,Meliodas vs Escanor. Animation PowerPoint catastrophique devenue un m√®me.,Saison 1 : Un excellent Shonen d'aventure classique.,"Saison 2 : Introduction des Ten Commandments, tension monte.","Saison 3 & 4 : Chute libre de l'animation (Studio Deen), g√¢chis total.",Action,2014,5.200000000000001,6.9799999999999995,‚ö†Ô∏è Risqu√© (Irr√©gulier)
Sword Art Online,Isekai / Romance,Light Novel,25,Fini,A-1 Pictures,2012-07-08,7.2,8.9,Ep 9: Le d√©mon aux yeux bleus,"Hype absolue, r√©v√©lation du Dual Wield.",5.9,Ep 22: La grande qu√™te (Alfheim),Rythme lent et enjeux faibles dans l'arc des f√©es.,"Concept 'Jeu de la mort' accrocheur, romance forte.","Chute de qualit√©, m√©chant caricatural et moins de tension.",Retour en force avec Gun Gale Online et ton plus mature.,Isekai,2012,3.0,6.9,‚ùå Fond de catalogue
Boruto: Naruto Next Generations,Action / Shonen,Manga,293,En pause,Studio Pierrot,2017-04-05,6.0,9.9,Ep 218: Partenaire,La perte de Kurama. Fin d'une √®re et √©motion pure.,4.3,Ep 67: Super Cho-Cho Butterfly Mode!,Arc insupportable et g√™nant centr√© sur la romance de Cho-Cho.,"D√©marrage lent, souffre de la comparaison avec Naruto.",Enorme quantit√© de fillers (Anime Canon) souvent m√©diocres.,Les moments cl√©s (Momoshiki/Isshiki) sont de tr√®s haut niveau.,Action,2017,5.6000000000000005,5.4399999999999995,‚ö†Ô∏è Risqu√© (Irr√©gulier)
